extremely,reactive,meta,infrastructure
continuously,resiliant,hypervisor,network
completely,scalable,activator,architecture
eventually,stateless,client,cluster
seamlessly,dependency-aware,process,engine
immediately,non-blocking,consumer,framework
transparently,redundant,dynamic,system
independently,correlated,application,platform
reliably,agile,quality,metrics
modularly,improved,cloud,resource
next-generation,integrated,full-stack,interface
,technical,core,distribution
,lightweight,business,toolchain
,certified,virtual,redesign
,external,,
,feature-driven,,
,highly available,,
,fine granular,,
,actor-based,,
,configurable,,
,parallel,,
,persistent,,
